-- MySQL dump 10.13  Distrib 8.0.36, for Linux (x86_64)
--
-- Host: localhost    Database: RLVRelay
-- ------------------------------------------------------
-- Server version	8.0.40-0ubuntu0.24.04.1

/*!40101 SET @OLD_CHARACTER_SET_CLIENT=@@CHARACTER_SET_CLIENT */;
/*!40101 SET @OLD_CHARACTER_SET_RESULTS=@@CHARACTER_SET_RESULTS */;
/*!40101 SET @OLD_COLLATION_CONNECTION=@@COLLATION_CONNECTION */;
/*!50503 SET NAMES utf8 */;
/*!40103 SET @OLD_TIME_ZONE=@@TIME_ZONE */;
/*!40103 SET TIME_ZONE='+00:00' */;
/*!40014 SET @OLD_UNIQUE_CHECKS=@@UNIQUE_CHECKS, UNIQUE_CHECKS=0 */;
/*!40014 SET @OLD_FOREIGN_KEY_CHECKS=@@FOREIGN_KEY_CHECKS, FOREIGN_KEY_CHECKS=0 */;
/*!40101 SET @OLD_SQL_MODE=@@SQL_MODE, SQL_MODE='NO_AUTO_VALUE_ON_ZERO' */;
/*!40111 SET @OLD_SQL_NOTES=@@SQL_NOTES, SQL_NOTES=0 */;

--
-- Table structure for table `Command`
--

DROP TABLE IF EXISTS `Command`;
/*!40101 SET @saved_cs_client     = @@character_set_client */;
/*!50503 SET character_set_client = utf8mb4 */;
CREATE TABLE `Command` (
  `Command` varchar(50) NOT NULL,
  `FunctionalCategoryID` int NOT NULL,
  `CommandTypeID` int NOT NULL,
  `IsObsolete` tinyint(1) NOT NULL DEFAULT '0',
  PRIMARY KEY (`Command`),
  KEY `FK_Commands_FunctionalCategory` (`FunctionalCategoryID`),
  KEY `FK_Commands_CommandType` (`CommandTypeID`),
  CONSTRAINT `FK_Commands_CommandType` FOREIGN KEY (`CommandTypeID`) REFERENCES `CommandType` (`ID`) ON DELETE RESTRICT ON UPDATE CASCADE,
  CONSTRAINT `FK_Commands_FunctionalCategory` FOREIGN KEY (`FunctionalCategoryID`) REFERENCES `FunctionalCategory` (`ID`) ON DELETE RESTRICT ON UPDATE CASCADE
) ENGINE=InnoDB DEFAULT CHARSET=utf8mb4 COLLATE=utf8mb4_0900_ai_ci;
/*!40101 SET character_set_client = @saved_cs_client */;

--
-- Dumping data for table `Command`
--

LOCK TABLES `Command` WRITE;
/*!40000 ALTER TABLE `Command` DISABLE KEYS */;
INSERT INTO `Command` VALUES ('@acceptpermission=rem/add',10,2,0),('@accepttp?:*=y/n/add/rem',7,2,0),('@accepttprequest?:*=y/n/add/rem',7,2,0),('@addattach?:*=y/n/add/rem',10,1,0),('@addoutfit?:*=y/n/add/rem',10,1,0),('@adjustheight:*=force',4,4,0),('@allowidle=<y/n>',17,1,0),('@alwaysrun=y/n/add/rem',4,1,0),('@attach:*=force',10,4,0),('@attachover:*=force',10,4,0),('@attachthis_except:*=rem/add',10,2,0),('@camavdist:*=y/n/add/rem',5,1,0),('@camdistmax:*=y/n/add/rem',5,1,0),('@camdistmin:*=y/n/add/rem',5,1,0),('@camdrawalphamax:*=y/n/add/rem',5,1,0),('@camdrawalphamin:*=y/n/add/rem',5,1,0),('@camdrawcolor:*=y/n/add/rem',5,1,0),('@camdrawmax:*=y/n/add/rem',5,1,0),('@camdrawmin:*=y/n/add/rem',5,1,0),('@camtextures?:*=y/n/add/rem',5,1,0),('@camunlock=y/n/add/rem',5,1,0),('@camzoommax:*=y/n/add/rem',5,1,0),('@camzoommin:*=y/n/add/rem',5,1,0),('@chatnormal=y/n/add/rem',6,1,0),('@chatshout=y/n/add/rem',6,1,0),('@chatwhisper=y/n/add/rem',6,1,0),('@clear',3,4,0),('@clear=*',3,4,0),('@defaultwear=y/n/add/rem',10,1,0),('@denypermission=rem/add',10,2,0),('@detach:*=force',10,4,0),('@detach:*=y/n/add/rem',10,1,0),('@detach=y/n/add/rem',10,1,0),('@detachme=force',10,4,0),('@detachthis_except:*=rem/add',10,2,0),('@edit:*=y/n/add/rem',8,2,0),('@edit=y/n/add/rem',8,1,0),('@editattach=y/n/add/rem',8,1,0),('@editobj:*=y/n/add/rem',8,1,0),('@editworld=y/n/add/rem',8,1,0),('@emote=add/rem',6,2,0),('@fartouch?:*=y/n/add/rem',12,1,0),('@findfolder:*=#',10,3,0),('@findfolders:*=#',10,3,0),('@fly=y/n/add/rem',4,1,0),('@getattach?:*=#',10,3,0),('@getblacklist',2,3,0),('@getblacklist?:*=#',2,3,0),('@getcam_avdistmax=#',5,3,0),('@getcam_avdistmin=#',5,3,0),('@getcam_fov=#',5,3,0),('@getcam_fovmax=#',5,3,0),('@getcam_fovmin=#',5,3,0),('@getcam_zoommin=#',5,3,0),('@getdebug_avatarsex=#',16,3,0),('@getdebug_renderresolutiondivisor=#',16,3,0),('@getdebug_restrainedloveforbidgivetorlv=#',16,3,0),('@getdebug_restrainedlovenosetenv=#',16,3,0),('@getdebug_windlightuseatmosshaders=#',16,3,0),('@getenv_ambient=#',16,3,0),('@getenv_ambientb=#',16,3,0),('@getenv_ambientg=#',16,3,0),('@getenv_ambienti=#',16,3,0),('@getenv_ambientr=#',16,3,0),('@getenv_asset=#',16,3,0),('@getenv_bluedensity=#',16,3,0),('@getenv_bluedensityb=#',16,3,0),('@getenv_bluedensityg=#',16,3,0),('@getenv_bluedensityi=#',16,3,0),('@getenv_bluedensityr=#',16,3,0),('@getenv_bluehorizon=#',16,3,0),('@getenv_bluehorizonb=#',16,3,0),('@getenv_bluehorizong=#',16,3,0),('@getenv_bluehorizoni=#',16,3,0),('@getenv_bluehorizonr=#',16,3,0),('@getenv_cloud=#',16,3,0),('@getenv_cloudcolor=#',16,3,0),('@getenv_cloudcolorb=#',16,3,0),('@getenv_cloudcolorg=#',16,3,0),('@getenv_cloudcolori=#',16,3,0),('@getenv_cloudcolorr=#',16,3,0),('@getenv_cloudcoverage=#',16,3,0),('@getenv_cloudd=#',16,3,0),('@getenv_clouddetail=#',16,3,0),('@getenv_clouddetaild=#',16,3,0),('@getenv_clouddetailx=#',16,3,0),('@getenv_clouddetaily=#',16,3,0),('@getenv_cloudimage=#',16,3,0),('@getenv_cloudscale=#',16,3,0),('@getenv_cloudscroll=#',16,3,0),('@getenv_cloudscrollx=#',16,3,0),('@getenv_cloudscrolly=#',16,3,0),('@getenv_cloudvariance=#',16,3,0),('@getenv_cloudx=#',16,3,0),('@getenv_cloudy=#',16,3,0),('@getenv_daytime=#',16,3,0),('@getenv_densitymultiplier=#',16,3,0),('@getenv_distancemultiplier=#',16,3,0),('@getenv_dropletradius=#',16,3,0),('@getenv_eastangle=#',16,3,0),('@getenv_hazedensity=#',16,3,0),('@getenv_hazehorizon=#',16,3,0),('@getenv_icelevel=#',16,3,0),('@getenv_maxaltitude=#',16,3,0),('@getenv_moisturelevel=#',16,3,0),('@getenv_moonazim=#',16,3,0),('@getenv_moonbrightness=#',16,3,0),('@getenv_moonelev=#',16,3,0),('@getenv_moonimage=#',16,3,0),('@getenv_moonscale=#',16,3,0),('@getenv_preset=#',16,3,0),('@getenv_scenegamma=#',16,3,0),('@getenv_starbrightness=#',16,3,0),('@getenv_sunazim=#',16,3,0),('@getenv_sunelev=#',16,3,0),('@getenv_sunglowfocus=#',16,3,0),('@getenv_sunglowsize=#',16,3,0),('@getenv_sunimage=#',16,3,0),('@getenv_sunmooncolor=#',16,3,0),('@getenv_sunmooncolorb=#',16,3,0),('@getenv_sunmooncolorg=#',16,3,0),('@getenv_sunmooncolori=#',16,3,0),('@getenv_sunmooncolorr=#',16,3,0),('@getenv_sunmoonposition=#',16,3,0),('@getenv_sunscale=#',16,3,0),('@getgroup=#',15,3,0),('@getinv?:*=#',10,3,0),('@getinvworn?:*=#',10,3,0),('@getoutfit?:*=#',10,3,0),('@getsitid=#',9,3,0),('@getstatus:*=#',3,3,0),('@getstatusall:*=#',3,3,0),('@interact=y/n/add/rem',12,1,0),('@notify:*=y/n/add/rem',3,3,0),('@permissive=y/n/add/rem',3,3,0),('@recvchat_sec=y/n/add/rem',6,1,0),('@recvchat:*=y/n/add/rem',6,2,0),('@recvchat=y/n/add/rem',6,1,0),('@recvchatfrom:*=y/n/add/rem',6,1,0),('@recvemote_sec=y/n/add/rem',6,1,0),('@recvemote:*=add/rem',6,2,0),('@recvemote=y/n/add/rem',6,1,0),('@recvemotefrom:*=y/n/add/rem',6,1,0),('@recvim_sec=y/n/add/rem',6,1,0),('@recvim:*=y/n/add/rem',6,2,0),('@recvim=y/n/add/rem',6,1,0),('@recvimfrom:*=y/n/add/rem',6,1,0),('@redirchat:*=y/n/add/rem',6,1,0),('@rediremote:*=y/n/add/rem',6,1,0),('@remattach:*=force',10,4,0),('@remattach?:*=y/n/add/rem',10,1,0),('@remoutfit:*=force',10,4,0),('@remoutfit?:*=y/n/add/rem',10,1,0),('@rez=y/n/add/rem',8,1,0),('@sendchannel_except:*=y/n/add/rem',6,1,0),('@sendchannel_sec:*=y/n/add/rem',6,2,0),('@sendchannel_sec=y/n/add/rem',6,1,0),('@sendchannel:*=y/n/add/rem',6,2,0),('@sendchannel=y/n/add/rem',6,1,0),('@sendchat=y/n/add/rem',6,1,0),('@sendgesture=y/n/add/rem',6,1,0),('@sendim_sec=y/n/add/rem',6,1,0),('@sendim:*=y/n/add/rem',6,2,0),('@sendim=y/n/add/rem',6,1,0),('@sendimto:*=y/n/add/rem',6,1,0),('@setcam_avdistmax:*=y/n/add/rem',5,1,0),('@setcam_avdistmin:*=y/n/add/rem',5,1,0),('@setcam_fov:*=force',5,4,0),('@setcam_fovmax:*=y/n/add/rem',5,1,0),('@setcam_fovmin:*=y/n/add/rem',5,1,0),('@setcam_textures?:*=y/n/add/rem',5,1,0),('@setcam_unlock=y/n/add/rem',5,1,0),('@setdebug_avatarsex:*=force',16,4,0),('@setdebug_renderresolutiondivisor:*=force',16,4,0),('@setdebug_restrainedloveforbidgivetorlv:*=force',16,4,0),('@setdebug_restrainedlovenosetenv:*=force',16,4,0),('@setdebug_windlightuseatmosshaders:*=force',16,4,0),('@setenv_ambient:*=force',16,4,0),('@setenv_ambientb:*=force',16,4,0),('@setenv_ambientg:*=force',16,4,0),('@setenv_ambienti:*=force',16,4,0),('@setenv_ambientr:*=force',16,4,0),('@setenv_asset:*=force',16,4,0),('@setenv_bluedensity:*=force',16,4,0),('@setenv_bluedensityb:*=force',16,4,0),('@setenv_bluedensityg:*=force',16,4,0),('@setenv_bluedensityi:*=force',16,4,0),('@setenv_bluedensityr:*=force',16,4,0),('@setenv_bluehorizon:*=force',16,4,0),('@setenv_bluehorizonb:*=force',16,4,0),('@setenv_bluehorizong:*=force',16,4,0),('@setenv_bluehorizoni:*=force',16,4,0),('@setenv_bluehorizonr:*=force',16,4,0),('@setenv_cloud:*=force',16,4,0),('@setenv_cloudcolor:*=force',16,4,0),('@setenv_cloudcolorb:*=force',16,4,0),('@setenv_cloudcolorg:*=force',16,4,0),('@setenv_cloudcolori:*=force',16,4,0),('@setenv_cloudcolorr:*=force',16,4,0),('@setenv_cloudcoverage:*=force',16,4,0),('@setenv_cloudd:*=force',16,4,0),('@setenv_clouddetail:*=force',16,4,0),('@setenv_clouddetaild:*=force',16,4,0),('@setenv_clouddetailx:*=force',16,4,0),('@setenv_clouddetaily:*=force',16,4,0),('@setenv_cloudimage:*=force',16,4,0),('@setenv_cloudscale:*=force',16,4,0),('@setenv_cloudscroll:*=force',16,4,0),('@setenv_cloudscrollx:*=force',16,4,0),('@setenv_cloudscrolly:*=force',16,4,0),('@setenv_cloudvariance:*=force',16,4,0),('@setenv_cloudx:*=force',16,4,0),('@setenv_cloudy:*=force',16,4,0),('@setenv_daytime:*=force',16,4,0),('@setenv_densitymultiplier:*=force',16,4,0),('@setenv_distancemultiplier:*=force',16,4,0),('@setenv_dropletradius:*=force',16,4,0),('@setenv_eastangle:*=force',16,4,0),('@setenv_hazedensity:*=force',16,4,0),('@setenv_hazehorizon:*=force',16,4,0),('@setenv_icelevel:*=force',16,4,0),('@setenv_maxaltitude:*=force',16,4,0),('@setenv_moisturelevel:*=force',16,4,0),('@setenv_moonazim:*=force',16,4,0),('@setenv_moonbrightness:*=force',16,4,0),('@setenv_moonelev:*=force',16,4,0),('@setenv_moonimage:*=force',16,4,0),('@setenv_moonscale:*=force',16,4,0),('@setenv_preset:*=force',16,4,0),('@setenv_reset:*=force',16,4,0),('@setenv_scenegamma:*=force',16,4,0),('@setenv_starbrightness:*=force',16,4,0),('@setenv_sunazim:*=force',16,4,0),('@setenv_sunelev:*=force',16,4,0),('@setenv_sunglowfocus:*=force',16,4,0),('@setenv_sunglowsize:*=force',16,4,0),('@setenv_sunimage:*=force',16,4,0),('@setenv_sunmooncolor:*=force',16,4,0),('@setenv_sunmooncolorb:*=force',16,4,0),('@setenv_sunmooncolorg:*=force',16,4,0),('@setenv_sunmooncolori:*=force',16,4,0),('@setenv_sunmooncolorr:*=force',16,4,0),('@setenv_sunmoonposition:*=force',16,4,0),('@setenv_sunscale:*=force',16,4,0),('@setgroup:*=force',15,4,0),('@setgroup=y/n/add/rem',15,1,0),('@setrot:*=force',4,4,0),('@share_sec=y/n/add/rem',8,1,0),('@share:*=y/n/add/rem',8,2,0),('@share=y/n/add/rem',8,1,0),('@sharedunwear=y/n/add/rem',10,1,0),('@sharedwear=y/n/add/rem',10,1,0),('@showhovertext:*=y/n/add/rem',14,2,0),('@showhovertextall=y/n/add/rem',14,1,0),('@showhovertexthud=y/n/add/rem',14,1,0),('@showhovertextworld=y/n/add/rem',14,1,0),('@showinv=y/n/add/rem',8,1,0),('@showloc=y/n/add/rem',13,1,0),('@showminimap=y/n/add/rem',13,1,0),('@shownames_sec?:*=y/n/add/rem',14,1,0),('@shownames?:*=y/n/add/rem',14,1,0),('@shownametags=y/n/add/rem',14,1,0),('@shownearby=y/n/add/rem',14,1,0),('@showworldmap=y/n/add/rem',13,1,0),('@sit:*=force',9,4,0),('@sit=y/n/add/rem',9,1,0),('@sitground=force',9,4,0),('@sittp?:*=y/n/add/rem',7,1,0),('@standtp=y/n/add/rem',7,1,0),('@startim:*=y/n/add/rem',6,2,0),('@startim=y/n/add/rem',6,1,0),('@startimto:*=y/n/add/rem',6,1,0),('@temprun=y/n/add/rem',4,1,0),('@touchall=y/n/add/rem',12,1,0),('@touchattach=y/n/add/rem',12,1,0),('@touchattachother:*=y/n/add/rem',12,1,0),('@touchattachother=y/n/add/rem',12,1,0),('@touchattachself=y/n/add/rem',12,1,0),('@touchfar?:*=y/n/add/rem',12,1,0),('@touchhud?:*=y/n/add/rem',12,1,0),('@touchme=y/n/add/rem',12,2,0),('@touchthis:*=y/n/add/rem',12,2,0),('@touchworld:*=y/n/add/rem',12,2,0),('@touchworld=y/n/add/rem',12,1,0),('@tplm=y/n/add/rem',7,1,0),('@tploc=y/n/add/rem',7,1,0),('@tplocal?:*=y/n/add/rem',7,1,0),('@tplure_sec=y/n/add/rem',7,1,0),('@tplure:*=y/n/add/rem',7,2,0),('@tplure=y/n/add/rem',7,1,0),('@tprequest_sec=y/n/add/rem',7,1,0),('@tprequest:*=y/n/add/rem',7,2,0),('@tprequest=y/n/add/rem',7,1,0),('@tpto:*=force',7,4,0),('@unsharedunwear=y/n/add/rem',10,1,0),('@unsharedwear=y/n/add/rem',10,1,0),('@unsit=force',9,4,0),('@unsit=y/n/add/rem',9,1,0),('@version',1,3,0),('@version=#',1,3,0),('@versionnew=#',1,3,0),('@versionnum=#',1,3,0),('@versionnumbl=#',2,3,0),('@viewnote=y/n/add/rem',8,1,0),('@viewscript=y/n/add/rem',8,1,0),('@viewtexture=y/n/add/rem',8,1,0);
/*!40000 ALTER TABLE `Command` ENABLE KEYS */;
UNLOCK TABLES;

--
-- Temporary view structure for view `CommandAnalysis`
--

DROP TABLE IF EXISTS `CommandAnalysis`;
/*!50001 DROP VIEW IF EXISTS `CommandAnalysis`*/;
SET @saved_cs_client     = @@character_set_client;
/*!50503 SET character_set_client = utf8mb4 */;
/*!50001 CREATE VIEW `CommandAnalysis` AS SELECT 
 1 AS `Filter`,
 1 AS `Command`,
 1 AS `RequiresColon`,
 1 AS `RequiresOptions`,
 1 AS `RequiresValue`,
 1 AS `Value`*/;
SET character_set_client = @saved_cs_client;

--
-- Table structure for table `CommandDesc`
--

DROP TABLE IF EXISTS `CommandDesc`;
/*!40101 SET @saved_cs_client     = @@character_set_client */;
/*!50503 SET character_set_client = utf8mb4 */;
CREATE TABLE `CommandDesc` (
  `Command` varchar(50) NOT NULL,
  `Language` char(2) NOT NULL,
  `Description` text NOT NULL,
  PRIMARY KEY (`Command`,`Language`),
  CONSTRAINT `CommandDesc_ibfk_1` FOREIGN KEY (`Command`) REFERENCES `Command` (`Command`)
) ENGINE=InnoDB DEFAULT CHARSET=utf8mb4 COLLATE=utf8mb4_0900_ai_ci;
/*!40101 SET character_set_client = @saved_cs_client */;

--
-- Dumping data for table `CommandDesc`
--

LOCK TABLES `CommandDesc` WRITE;
/*!40000 ALTER TABLE `CommandDesc` DISABLE KEYS */;
INSERT INTO `CommandDesc` VALUES ('@acceptpermission=rem/add','en','Allows or prevents automatically accepting attach and take control permission requests.'),('@accepttp?:*=y/n/add/rem','en','Allows or prevents auto-accepting teleport offers from a specific avatar or everyone if unspecified.'),('@accepttprequest?:*=y/n/add/rem','en','Allows or prevents auto-accepting teleport requests from a specific avatar or everyone if unspecified.'),('@addattach?:*=y/n/add/rem','en','Allows or prevents wearing additional attachments at a specific attachment point.'),('@addoutfit?:*=y/n/add/rem','en','Allows or prevents adding clothing layers to an outfit.'),('@adjustheight:*=force','en','Forces an adjustment to the avatar\'s height by the specified value.'),('@allowidle=<y/n>','en','Allow or prevent the disabling of the automatic Away/AFK indicator. When prevented, the automatic activation of the Away status after a period of avatar inactivity cannot be disabled. If the idle timeout is set to zero, the default timeout of 30 minutes is used.'),('@alwaysrun=y/n/add/rem','en','Allows or prevents the user from enabling or disabling always run mode.'),('@attach:*=force','en','Forces the viewer to attach every object and wear every piece of clothing contained inside the specified shared folder.'),('@attachover:*=force','en','Forces the viewer to attach items from a shared folder without replacing already worn items.'),('@attachthis_except:*=rem/add','en','Adds or removes exceptions for preventing the use of specific attachment points or folders.'),('@camavdist:*=y/n/add/rem','en','Allows or prevents the user from changing the avatar distance from the camera.'),('@camdistmax:*=y/n/add/rem','en','Sets the maximum allowed camera distance from the avatar.'),('@camdistmin:*=y/n/add/rem','en','Sets the minimum allowed camera distance from the avatar.'),('@camdrawalphamax:*=y/n/add/rem','en','Sets the maximum transparency level the camera can render.'),('@camdrawalphamin:*=y/n/add/rem','en','Sets the minimum transparency level the camera can render.'),('@camdrawcolor:*=y/n/add/rem','en','Restricts or allows drawing a specific color with the camera view.'),('@camdrawmax:*=y/n/add/rem','en','Limits the maximum drawing distance in the camera view.'),('@camdrawmin:*=y/n/add/rem','en','Sets the minimum drawing distance in the camera view.'),('@camtextures?:*=y/n/add/rem','en','Allows or prevents rendering textures in the camera view.'),('@camunlock=y/n/add/rem','en','Allows or prevents the user from unlocking the camera position.'),('@camzoommax:*=y/n/add/rem','en','Sets the maximum zoom level for the camera.'),('@camzoommin:*=y/n/add/rem','en','Sets the minimum zoom level for the camera.'),('@chatnormal=y/n/add/rem','en','Allows or prevents sending normal chat messages.'),('@chatshout=y/n/add/rem','en','Allows or prevents shouting in chat.'),('@chatwhisper=y/n/add/rem','en','Allows or prevents whispering in chat.'),('@clear','en','Clears all active restrictions and exceptions.'),('@clear=*','en','Clears specific restrictions or exceptions.'),('@defaultwear=y/n/add/rem','en','Allows or prevents using the \"Wear\" option from the inventory contextual menu, even for locked items.'),('@denypermission=rem/add','en','Forces denial of attach and take control permission requests (deprecated since v1.16.2).'),('@detach:*=force','en','Forces the viewer to detach every object at the specified attachment point or shared folder.'),('@detach:*=y/n/add/rem','en','Allows or prevents detaching objects from specific attachment points or shared folders.'),('@detach=y/n/add/rem','en','Allows or prevents detaching objects from attachment points in general.'),('@detachme=force','en','Forces the object that issues this command to detach itself from the avatar.'),('@detachthis_except:*=rem/add','en','Adds or removes exceptions for allowing specific attachments to be detached.'),('@edit:*=y/n/add/rem','en','Allows or prevents editing a specific object identified by its UUID.'),('@edit=y/n/add/rem','en','Allows or prevents editing objects in general.'),('@editattach=y/n/add/rem','en','Allows or prevents editing attachments.'),('@editobj:*=y/n/add/rem','en','Allows or prevents editing a particular object identified by its UUID.'),('@editworld=y/n/add/rem','en','Allows or prevents editing objects rezzed in-world (not attachments).'),('@emote=add/rem','en','Allows or prevents the use of emotes.'),('@fartouch?:*=y/n/add/rem','en','Allows or prevents touching objects located farther than 1.5 meters away from the avatar, with an optional maximum distance.'),('@findfolder:*=#','en','Retrieves the path to the first shared folder that matches the search criteria.'),('@findfolders:*=#','en','Retrieves the paths to all shared folders that match the search criteria.'),('@fly=y/n/add/rem','en','Allows or prevents the user from enabling or disabling fly mode.'),('@getattach?:*=#','en','Retrieves the current occupation of attachment points as a list of 0s (empty) and 1s (occupied).'),('@getblacklist','en','Retrieves the current blacklist of restricted commands.'),('@getblacklist?:*=#','en','Retrieves the blacklist for a specific object or category on a specified channel.'),('@getcam_avdistmax=#','en','Requests the current maximum avatar distance allowed for the camera.'),('@getcam_avdistmin=#','en','Requests the current minimum avatar distance allowed for the camera.'),('@getcam_fov=#','en','Requests the current field of view (FOV) of the camera.'),('@getcam_fovmax=#','en','Requests the current maximum field of view (FOV) of the camera.'),('@getcam_fovmin=#','en','Requests the current minimum field of view (FOV) of the camera.'),('@getcam_zoommin=#','en','Requests the current minimum zoom level of the camera.'),('@getdebug_avatarsex=#','en','Returns the gender setting (0: Female, 1: Male) of the avatar at creation on the specified chat channel.'),('@getdebug_renderresolutiondivisor=#','en','Returns the current screen \"blurriness\" factor.'),('@getdebug_restrainedloveforbidgivetorlv=#','en','Returns whether the viewer restricts adding temporary folders to the \"#RLV\" folder (1: enabled, 0: disabled).'),('@getdebug_restrainedlovenosetenv=#','en','Returns whether the environment settings (@setenv commands) are ignored (1: yes, 0: no).'),('@getdebug_windlightuseatmosshaders=#','en','Returns whether Windlight atmospheric shaders are enabled (1: enabled, 0: disabled).'),('@getenv_ambient=#','en','Returns the ambient light vector values (RGB format).'),('@getenv_ambientb=#','en','Returns the blue channel value of the ambient light.'),('@getenv_ambientg=#','en','Returns the green channel value of the ambient light.'),('@getenv_ambienti=#','en','Returns the intensity of the ambient light.'),('@getenv_ambientr=#','en','Returns the red channel value of the ambient light.'),('@getenv_asset=#','en','Returns the name of the active environment preset.'),('@getenv_bluedensity=#','en','Returns the blue density vector values (RGB format).'),('@getenv_bluedensityb=#','en','Returns the blue channel value of the blue density.'),('@getenv_bluedensityg=#','en','Returns the green channel value of the blue density.'),('@getenv_bluedensityi=#','en','Returns the intensity of the blue density.'),('@getenv_bluedensityr=#','en','Returns the red channel value of the blue density.'),('@getenv_bluehorizon=#','en','Returns the blue horizon vector values (RGB format).'),('@getenv_bluehorizonb=#','en','Returns the blue channel value of the blue horizon.'),('@getenv_bluehorizong=#','en','Returns the green channel value of the blue horizon.'),('@getenv_bluehorizoni=#','en','Returns the intensity of the blue horizon.'),('@getenv_bluehorizonr=#','en','Returns the red channel value of the blue horizon.'),('@getenv_cloud=#','en','Returns the cloud vector values (XYZ format: offset and density).'),('@getenv_cloudcolor=#','en','Returns the cloud color vector values (RGB format).'),('@getenv_cloudcolorb=#','en','Returns the blue channel value of the cloud color.'),('@getenv_cloudcolorg=#','en','Returns the green channel value of the cloud color.'),('@getenv_cloudcolori=#','en','Returns the intensity of the cloud color.'),('@getenv_cloudcolorr=#','en','Returns the red channel value of the cloud color.'),('@getenv_cloudcoverage=#','en','Returns the cloud coverage value.'),('@getenv_cloudd=#','en','Returns the cloud density value.'),('@getenv_clouddetail=#','en','Returns the cloud detail vector values (XYZ format).'),('@getenv_clouddetaild=#','en','Returns the cloud detail density value.'),('@getenv_clouddetailx=#','en','Returns the X-axis offset for cloud detail.'),('@getenv_clouddetaily=#','en','Returns the Y-axis offset for cloud detail.'),('@getenv_cloudimage=#','en','Returns the UUID of the cloud texture image.'),('@getenv_cloudscale=#','en','Returns the scale value of the clouds.'),('@getenv_cloudscroll=#','en','Returns the cloud scroll vector values (XY format).'),('@getenv_cloudscrollx=#','en','Returns the X-axis scroll value for clouds.'),('@getenv_cloudscrolly=#','en','Returns the Y-axis scroll value for clouds.'),('@getenv_cloudvariance=#','en','Returns the cloud variance value.'),('@getenv_cloudx=#','en','Returns the X-axis offset for clouds.'),('@getenv_cloudy=#','en','Returns the Y-axis offset for clouds.'),('@getenv_daytime=#','en','Returns the time of day setting (0: midnight, 0.25: sunrise, 0.567: midday, 0.75: sunset, 1.0: midnight).'),('@getenv_densitymultiplier=#','en','Returns the fog density multiplier value.'),('@getenv_distancemultiplier=#','en','Returns the fog distance multiplier value.'),('@getenv_dropletradius=#','en','Returns the droplet radius value.'),('@getenv_eastangle=#','en','Returns the position of the east angle (0.0 is normal).'),('@getenv_hazedensity=#','en','Returns the haze density value.'),('@getenv_hazehorizon=#','en','Returns the haze horizon value.'),('@getenv_icelevel=#','en','Returns the ice level value.'),('@getenv_maxaltitude=#','en','Returns the maximum altitude value for the fog.'),('@getenv_moisturelevel=#','en','Returns the moisture level value.'),('@getenv_moonazim=#','en','Returns the moon azimuth angle in radians (0 is east, counter-clockwise).'),('@getenv_moonbrightness=#','en','Returns the moon brightness value.'),('@getenv_moonelev=#','en','Returns the moon elevation angle in radians (0 is the horizon).'),('@getenv_moonimage=#','en','Returns the UUID of the moon texture image.'),('@getenv_moonscale=#','en','Returns the moon scale value.'),('@getenv_preset=#','en','Returns the name of the active environment preset (alias for \"asset\").'),('@getenv_scenegamma=#','en','Returns the overall scene gamma value.'),('@getenv_starbrightness=#','en','Returns the brightness of the stars.'),('@getenv_sunazim=#','en','Returns the sun azimuth angle in radians (0 is east, counter-clockwise).'),('@getenv_sunelev=#','en','Returns the sun elevation angle in radians (0 is the horizon).'),('@getenv_sunglowfocus=#','en','Returns the sun glow focus value.'),('@getenv_sunglowsize=#','en','Returns the sun glow size value.'),('@getenv_sunimage=#','en','Returns the UUID of the sun texture image.'),('@getenv_sunmooncolor=#','en','Returns the sun and moon color vector values (RGB format).'),('@getenv_sunmooncolorb=#','en','Returns the blue channel value of the sun and moon color.'),('@getenv_sunmooncolorg=#','en','Returns the green channel value of the sun and moon color.'),('@getenv_sunmooncolori=#','en','Returns the intensity of the sun and moon color.'),('@getenv_sunmooncolorr=#','en','Returns the red channel value of the sun and moon color.'),('@getenv_sunmoonposition=#','en','Returns the position of the sun or moon in the sky.'),('@getenv_sunscale=#','en','Returns the scale of the sun.'),('@getgroup=#','en','Returns the name of the currently active group on the specified chat channel.'),('@getinv?:*=#','en','Retrieves the list of shared folders in the specified location of the \"#RLV\" folder.'),('@getinvworn?:*=#','en','Retrieves the list of shared folders in the avatar\'s inventory, with information about worn items.'),('@getoutfit?:*=#','en','Retrieves the current status of clothing layers as a list of 0s (empty) and 1s (occupied).'),('@getsitid=#','en','Retrieves the UUID of the object the avatar is currently sitting on, or NULL_KEY if not sitting.'),('@getstatus:*=#','en','Retrieves the current status of restrictions applied by a specific object, returning the result on a specified channel.'),('@getstatusall:*=#','en','Retrieves the overall status of all active restrictions, returning the result on a specified channel.'),('@interact=y/n/add/rem','en','Allows or prevents interacting with objects, attachments, HUDs, editing, and rezzing.'),('@notify:*=y/n/add/rem','en','Starts or stops sending notifications when restrictions are applied or removed.'),('@permissive=y/n/add/rem','en','Enables or disables permissive mode, allowing exceptions for certain commands.'),('@recvchat_sec=y/n/add/rem','en','Allows or prevents receiving chat messages, secure way.'),('@recvchat:*=y/n/add/rem','en','Allows or prevents receiving chat messages from a specific channel or all channels.'),('@recvchat=y/n/add/rem','en','Allows or prevents receiving chat messages.'),('@recvchatfrom:*=y/n/add/rem','en','Allows or prevents receiving chat messages from a specific avatar.'),('@recvemote_sec=y/n/add/rem','en','Allows or prevents receiving emotes, secure way.'),('@recvemote:*=add/rem','en','Allows or prevents receiving emotes from a specific source.'),('@recvemote=y/n/add/rem','en','Allows or prevents receiving emotes.'),('@recvemotefrom:*=y/n/add/rem','en','Allows or prevents receiving emotes from a specific avatar.'),('@recvim_sec=y/n/add/rem','en','Allows or prevents receiving instant messages, secure way.'),('@recvim:*=y/n/add/rem','en','Allows or prevents receiving instant messages from a specific source.'),('@recvim=y/n/add/rem','en','Allows or prevents receiving instant messages.'),('@recvimfrom:*=y/n/add/rem','en','Allows or prevents receiving instant messages from a specific avatar.'),('@redirchat:*=y/n/add/rem','en','Redirects chat messages to a specific channel or prevents redirection.'),('@rediremote:*=y/n/add/rem','en','Redirects emotes to a specific channel or prevents redirection.'),('@remattach:*=force','en','Forces the viewer to remove all attachments at the specified attachment point.'),('@remattach?:*=y/n/add/rem','en','Allows or prevents wearing attachments on specific attachment points.'),('@remoutfit:*=force','en','Forces the viewer to remove all clothing layers.'),('@remoutfit?:*=y/n/add/rem','en','Allows or prevents removing clothing layers from an outfit.'),('@rez=y/n/add/rem','en','Allows or prevents rezzing objects from inventory.'),('@sendchannel_except:*=y/n/add/rem','en','Allows or prevents sending chat on all channels except the specified one.'),('@sendchannel_sec:*=y/n/add/rem','en','Allows or prevents sending chat on a specific channel, secure way.'),('@sendchannel_sec=y/n/add/rem','en','Allows or prevents sending chat on all channels, secure way.'),('@sendchannel:*=y/n/add/rem','en','Allows or prevents sending chat on a specific channel.'),('@sendchannel=y/n/add/rem','en','Allows or prevents sending chat on all channels.'),('@sendchat=y/n/add/rem','en','Allows or prevents sending chat messages.'),('@sendgesture=y/n/add/rem','en','Allows or prevents sending gestures.'),('@sendim_sec=y/n/add/rem','en','Allows or prevents sending instant messages, secure way.'),('@sendim:*=y/n/add/rem','en','Allows or prevents sending instant messages to a specific recipient.'),('@sendim=y/n/add/rem','en','Allows or prevents sending instant messages.'),('@sendimto:*=y/n/add/rem','en','Allows or prevents sending instant messages to a specific avatar.'),('@setcam_avdistmax:*=y/n/add/rem','en','Sets or restricts the maximum distance between the camera and the avatar.'),('@setcam_avdistmin:*=y/n/add/rem','en','Sets or restricts the minimum distance between the camera and the avatar.'),('@setcam_fov:*=force','en','Forces the field of view (FOV) of the camera to a specific value.'),('@setcam_fovmax:*=y/n/add/rem','en','Sets or restricts the maximum field of view (FOV) for the camera.'),('@setcam_fovmin:*=y/n/add/rem','en','Sets or restricts the minimum field of view (FOV) for the camera.'),('@setcam_textures?:*=y/n/add/rem','en','Allows or prevents rendering textures for the camera view.'),('@setcam_unlock=y/n/add/rem','en','Allows or prevents unlocking of the camera view by the user.'),('@setdebug_avatarsex:*=force','en','Forces the avatar sex setting (0: Female, 1: Male).'),('@setdebug_renderresolutiondivisor:*=force','en','Forces the \"blurriness\" factor of the screen.'),('@setdebug_restrainedloveforbidgivetorlv:*=force','en','Forces the setting to restrict adding temporary folders directly under \"#RLV\".'),('@setdebug_restrainedlovenosetenv:*=force','en','Forces the setting to ignore @setenv commands.'),('@setdebug_windlightuseatmosshaders:*=force','en','Forces the Windlight atmospheric shaders setting.'),('@setenv_ambient:*=force','en','Forces the ambient light to the specified vector values (RGB format).'),('@setenv_ambientb:*=force','en','Forces the blue channel of the ambient light to the specified value.'),('@setenv_ambientg:*=force','en','Forces the green channel of the ambient light to the specified value.'),('@setenv_ambienti:*=force','en','Forces the intensity of the ambient light to the specified value.'),('@setenv_ambientr:*=force','en','Forces the red channel of the ambient light to the specified value.'),('@setenv_asset:*=force','en','Forces the viewer to apply the specified environment preset.'),('@setenv_bluedensity:*=force','en','Forces the blue density to the specified vector values (RGB format).'),('@setenv_bluedensityb:*=force','en','Forces the blue channel of the blue density to the specified value.'),('@setenv_bluedensityg:*=force','en','Forces the green channel of the blue density to the specified value.'),('@setenv_bluedensityi:*=force','en','Forces the intensity of the blue density to the specified value.'),('@setenv_bluedensityr:*=force','en','Forces the red channel of the blue density to the specified value.'),('@setenv_bluehorizon:*=force','en','Forces the blue horizon to the specified vector values (RGB format).'),('@setenv_bluehorizonb:*=force','en','Forces the blue channel of the blue horizon to the specified value.'),('@setenv_bluehorizong:*=force','en','Forces the green channel of the blue horizon to the specified value.'),('@setenv_bluehorizoni:*=force','en','Forces the intensity of the blue horizon to the specified value.'),('@setenv_bluehorizonr:*=force','en','Forces the red channel of the blue horizon to the specified value.'),('@setenv_cloud:*=force','en','Forces the cloud offset and density to the specified vector values (XYZ format).'),('@setenv_cloudcolor:*=force','en','Forces the cloud color to the specified vector values (RGB format).'),('@setenv_cloudcolorb:*=force','en','Forces the blue channel of the cloud color to the specified value.'),('@setenv_cloudcolorg:*=force','en','Forces the green channel of the cloud color to the specified value.'),('@setenv_cloudcolori:*=force','en','Forces the intensity of the cloud color to the specified value.'),('@setenv_cloudcolorr:*=force','en','Forces the red channel of the cloud color to the specified value.'),('@setenv_cloudcoverage:*=force','en','Forces the cloud coverage to the specified value.'),('@setenv_cloudd:*=force','en','Forces the cloud density to the specified value.'),('@setenv_clouddetail:*=force','en','Forces the cloud detail to the specified vector values (XYZ format).'),('@setenv_clouddetaild:*=force','en','Forces the cloud detail density to the specified value.'),('@setenv_clouddetailx:*=force','en','Forces the X-axis offset for the cloud detail to the specified value.'),('@setenv_clouddetaily:*=force','en','Forces the Y-axis offset for the cloud detail to the specified value.'),('@setenv_cloudimage:*=force','en','Forces the viewer to use the specified texture image as the cloud texture.'),('@setenv_cloudscale:*=force','en','Forces the cloud scale to the specified value.'),('@setenv_cloudscroll:*=force','en','Forces the cloud scroll vector values (XY format).'),('@setenv_cloudscrollx:*=force','en','Forces the X-axis scroll for the clouds to the specified value.'),('@setenv_cloudscrolly:*=force','en','Forces the Y-axis scroll for the clouds to the specified value.'),('@setenv_cloudvariance:*=force','en','Forces the cloud variance to the specified value.'),('@setenv_cloudx:*=force','en','Forces the X-axis offset for the clouds to the specified value.'),('@setenv_cloudy:*=force','en','Forces the Y-axis offset for the clouds to the specified value.'),('@setenv_daytime:*=force','en','Forces the time of day to the specified value.'),('@setenv_densitymultiplier:*=force','en','Forces the fog density multiplier to the specified value.'),('@setenv_distancemultiplier:*=force','en','Forces the fog distance multiplier to the specified value.'),('@setenv_dropletradius:*=force','en','Forces the droplet radius to the specified value.'),('@setenv_eastangle:*=force','en','Forces the east angle to the specified value.'),('@setenv_hazedensity:*=force','en','Forces the haze density to the specified value.'),('@setenv_hazehorizon:*=force','en','Forces the haze horizon to the specified value.'),('@setenv_icelevel:*=force','en','Forces the ice level to the specified value.'),('@setenv_maxaltitude:*=force','en','Forces the maximum altitude for the fog to the specified value.'),('@setenv_moisturelevel:*=force','en','Forces the moisture level to the specified value.'),('@setenv_moonazim:*=force','en','Forces the moon azimuth angle to the specified value (radians).'),('@setenv_moonbrightness:*=force','en','Forces the moon brightness to the specified value.'),('@setenv_moonelev:*=force','en','Forces the moon elevation angle to the specified value (radians).'),('@setenv_moonimage:*=force','en','Forces the viewer to use the specified texture image as the moon texture.'),('@setenv_moonscale:*=force','en','Forces the moon scale to the specified value.'),('@setenv_preset:*=force','en','Forces the viewer to apply the specified environment preset (alias for \"asset\").'),('@setenv_reset:*=force','en','Resets the environment to the region default.'),('@setenv_scenegamma:*=force','en','Forces the overall scene gamma to the specified value.'),('@setenv_starbrightness:*=force','en','Forces the star brightness to the specified value.'),('@setenv_sunazim:*=force','en','Forces the sun azimuth angle to the specified value (radians).'),('@setenv_sunelev:*=force','en','Forces the sun elevation angle to the specified value (radians).'),('@setenv_sunglowfocus:*=force','en','Forces the sun glow focus to the specified value.'),('@setenv_sunglowsize:*=force','en','Forces the sun glow size to the specified value.'),('@setenv_sunimage:*=force','en','Forces the viewer to use the specified texture image as the sun texture.'),('@setenv_sunmooncolor:*=force','en','Forces the sun and moon color to the specified vector values (RGB format).'),('@setenv_sunmooncolorb:*=force','en','Forces the blue channel of the sun and moon color to the specified value.'),('@setenv_sunmooncolorg:*=force','en','Forces the green channel of the sun and moon color to the specified value.'),('@setenv_sunmooncolori:*=force','en','Forces the intensity of the sun and moon color to the specified value.'),('@setenv_sunmooncolorr:*=force','en','Forces the red channel of the sun and moon color to the specified value.'),('@setenv_sunmoonposition:*=force','en','Forces the position of the sun or moon in the sky.'),('@setenv_sunscale:*=force','en','Forces the scale of the sun.'),('@setgroup:*=force','en','Forces the user to change their active group to the specified group name or UUID. If set to \"none\", the group tag is hidden.'),('@setgroup=y/n/add/rem','en','Allows or prevents the user from changing their active group.'),('@setrot:*=force','en','Forces the avatar to rotate to a specific direction.'),('@share_sec=y/n/add/rem','en','Allows or prevents sharing inventory with others, secure way (only allows exceptions from the same object).'),('@share:*=y/n/add/rem','en','Allows or prevents sharing inventory with a specific avatar.'),('@share=y/n/add/rem','en','Allows or prevents sharing inventory in general.'),('@sharedunwear=y/n/add/rem','en','Allows or prevents removing clothes and attachments from shared folders (#RLV).'),('@sharedwear=y/n/add/rem','en','Allows or prevents wearing clothes and attachments from shared folders (#RLV).'),('@showhovertext:*=y/n/add/rem','en','Allows or prevents the user from seeing the hovertext floating above a specific prim with the specified UUID.'),('@showhovertextall=y/n/add/rem','en','Allows or prevents the user from seeing any hovertext (floating 2D text above prims).'),('@showhovertexthud=y/n/add/rem','en','Allows or prevents the user from seeing hovertext on HUDs only.'),('@showhovertextworld=y/n/add/rem','en','Allows or prevents the user from seeing hovertext in-world (excluding HUDs).'),('@showinv=y/n/add/rem','en','Allows or prevents opening the inventory window.'),('@showloc=y/n/add/rem','en','Allows or prevents the avatar from knowing their current location. Prevents the world map, parcel and region names from displaying, and obfuscates system and object messages containing location details.'),('@showminimap=y/n/add/rem','en','Allows or prevents viewing the minimap. Closes the minimap if it is open when the restriction is activated.'),('@shownames_sec?:*=y/n/add/rem','en','Allows or prevents the user from seeing the names of nearby avatars securely, with exceptions specified by UUIDs.'),('@shownames?:*=y/n/add/rem','en','Allows or prevents the user from seeing the names of nearby avatars. Exceptions can be made for specific avatars using UUIDs.'),('@shownametags=y/n/add/rem','en','Allows or prevents the user from seeing name tags without censoring the names in chat.'),('@shownearby=y/n/add/rem','en','Allows or prevents the user from seeing the names of nearby avatars in the \"Nearby\" window of the \"People\" tab.'),('@showworldmap=y/n/add/rem','en','Allows or prevents viewing the world map. Closes the world map if it is open when the restriction is activated.'),('@sit:*=force','en','Forces the avatar to sit on a specific object identified by its UUID.'),('@sit=y/n/add/rem','en','Allows or prevents sitting down in general.'),('@sitground=force','en','Forces the avatar to sit on the ground at their current location.'),('@sittp?:*=y/n/add/rem','en','Allows or prevents sitting as a way to teleport within a maximum distance.'),('@standtp=y/n/add/rem','en','Allows or prevents standing up at a different location than where the avatar initially sat down.'),('@startim:*=y/n/add/rem','en','Allows or prevents starting an instant message session with a specific recipient.'),('@startim=y/n/add/rem','en','Allows or prevents starting an instant message session.'),('@startimto:*=y/n/add/rem','en','Allows or prevents starting an instant message session with a specific avatar.'),('@temprun=y/n/add/rem','en','Temporarily enables or disables running mode.'),('@touchall=y/n/add/rem','en','Allows or prevents touching or grabbing any object or attachment (does not apply to HUDs).'),('@touchattach=y/n/add/rem','en','Allows or prevents touching attachments (does not apply to HUDs).'),('@touchattachother:*=y/n/add/rem','en','Allows or prevents touching another avatar\'s specific attachment.'),('@touchattachother=y/n/add/rem','en','Allows or prevents touching other avatars\' attachments (does not apply to HUDs).'),('@touchattachself=y/n/add/rem','en','Allows or prevents touching one\'s own attachments (does not apply to HUDs).'),('@touchfar?:*=y/n/add/rem','en','Allows or prevents touching objects located farther than 1.5 meters away from the avatar (synonym for @fartouch).'),('@touchhud?:*=y/n/add/rem','en','Allows or prevents touching HUDs. When a UUID is specified, it applies to a specific HUD.'),('@touchme=y/n/add/rem','en','Adds or removes exceptions for touching a specific object.'),('@touchthis:*=y/n/add/rem','en','Allows or prevents touching or grabbing a specific object.'),('@touchworld:*=y/n/add/rem','en','Adds or removes exceptions for touching in-world objects with a specific UUID.'),('@touchworld=y/n/add/rem','en','Allows or prevents touching or grabbing in-world objects. This does not apply to attachments or HUDs.'),('@tplm=y/n/add/rem','en','Allows or prevents teleporting to a landmark.'),('@tploc=y/n/add/rem','en','Allows or prevents teleporting to a specific location by coordinates.'),('@tplocal?:*=y/n/add/rem','en','Allows or prevents teleporting locally within a maximum distance.'),('@tplure_sec=y/n/add/rem','en','Allows or prevents teleport offers, secure way (only accepts exceptions from the same object).'),('@tplure:*=y/n/add/rem','en','Allows or prevents teleport offers from a specific avatar.'),('@tplure=y/n/add/rem','en','Allows or prevents teleport offers from everyone.'),('@tprequest_sec=y/n/add/rem','en','Allows or prevents teleport requests, secure way (only accepts exceptions from the same object).'),('@tprequest:*=y/n/add/rem','en','Allows or prevents teleport requests from a specific avatar.'),('@tprequest=y/n/add/rem','en','Allows or prevents teleport requests from everyone.'),('@tpto:*=force','en','Forces the avatar to teleport to the specified global coordinates or region with local coordinates.'),('@unsharedunwear=y/n/add/rem','en','Allows or prevents removing clothes and attachments not part of shared folders (#RLV).'),('@unsharedwear=y/n/add/rem','en','Allows or prevents wearing clothes and attachments not part of shared folders (#RLV).'),('@unsit=force','en','Forces the avatar to stand up.'),('@unsit=y/n/add/rem','en','Allows or prevents standing up.'),('@version','en','Returns the RLV API version in response to a manual query via IM. The viewer sends the version discreetly.'),('@version=#','en','Allows the viewer to return the RLV API version (as a non-zero integer) on a specified channel.'),('@versionnew=#','en','Returns additional details about the viewer along with the RLV API version on a specified channel.'),('@versionnum=#','en','Returns the numerical version as a single integer representing X.Y.Z.P on a specified channel.'),('@versionnumbl=#','en','Returns the RLV API version of the viewer while considering blacklist restrictions.'),('@viewnote=y/n/add/rem','en','Allows or prevents viewing notecards.'),('@viewscript=y/n/add/rem','en','Allows or prevents viewing scripts.'),('@viewtexture=y/n/add/rem','en','Allows or prevents viewing textures or snapshots.');
/*!40000 ALTER TABLE `CommandDesc` ENABLE KEYS */;
UNLOCK TABLES;

--
-- Temporary view structure for view `CommandDetails`
--

DROP TABLE IF EXISTS `CommandDetails`;
/*!50001 DROP VIEW IF EXISTS `CommandDetails`*/;
SET @saved_cs_client     = @@character_set_client;
/*!50503 SET character_set_client = utf8mb4 */;
/*!50001 CREATE VIEW `CommandDetails` AS SELECT 
 1 AS `Command`,
 1 AS `CategoryShortName`,
 1 AS `FunctionalCategory`,
 1 AS `CommandType`,
 1 AS `Description`*/;
SET character_set_client = @saved_cs_client;

--
-- Table structure for table `CommandType`
--

DROP TABLE IF EXISTS `CommandType`;
/*!40101 SET @saved_cs_client     = @@character_set_client */;
/*!50503 SET character_set_client = utf8mb4 */;
CREATE TABLE `CommandType` (
  `ID` int NOT NULL AUTO_INCREMENT,
  `Name` varchar(100) NOT NULL,
  PRIMARY KEY (`ID`)
) ENGINE=InnoDB AUTO_INCREMENT=5 DEFAULT CHARSET=utf8mb4 COLLATE=utf8mb4_0900_ai_ci;
/*!40101 SET character_set_client = @saved_cs_client */;

--
-- Dumping data for table `CommandType`
--

LOCK TABLES `CommandType` WRITE;
/*!40000 ALTER TABLE `CommandType` DISABLE KEYS */;
INSERT INTO `CommandType` VALUES (1,'Restriction'),(2,'Exception'),(3,'Get'),(4,'Action');
/*!40000 ALTER TABLE `CommandType` ENABLE KEYS */;
UNLOCK TABLES;

--
-- Table structure for table `CommandTypeDesc`
--

DROP TABLE IF EXISTS `CommandTypeDesc`;
/*!40101 SET @saved_cs_client     = @@character_set_client */;
/*!50503 SET character_set_client = utf8mb4 */;
CREATE TABLE `CommandTypeDesc` (
  `ID` int NOT NULL,
  `Language` char(2) NOT NULL,
  `Description` text NOT NULL,
  PRIMARY KEY (`ID`,`Language`),
  CONSTRAINT `CommandTypeDesc_ibfk_1` FOREIGN KEY (`ID`) REFERENCES `CommandType` (`ID`)
) ENGINE=InnoDB DEFAULT CHARSET=utf8mb4 COLLATE=utf8mb4_0900_ai_ci;
/*!40101 SET character_set_client = @saved_cs_client */;

--
-- Dumping data for table `CommandTypeDesc`
--

LOCK TABLES `CommandTypeDesc` WRITE;
/*!40000 ALTER TABLE `CommandTypeDesc` DISABLE KEYS */;
INSERT INTO `CommandTypeDesc` VALUES (1,'en','Defines restrictions that limit or block specific actions.'),(2,'en','Specifies exceptions to predefined restrictions.'),(3,'en','Retrieves information or the current state of a feature.'),(4,'en','Executes specific actions or commands.');
/*!40000 ALTER TABLE `CommandTypeDesc` ENABLE KEYS */;
UNLOCK TABLES;

--
-- Table structure for table `FunctionalCategory`
--

DROP TABLE IF EXISTS `FunctionalCategory`;
/*!40101 SET @saved_cs_client     = @@character_set_client */;
/*!50503 SET character_set_client = utf8mb4 */;
CREATE TABLE `FunctionalCategory` (
  `ID` int NOT NULL AUTO_INCREMENT,
  `ShortName` varchar(5) NOT NULL,
  `Name` varchar(100) NOT NULL,
  PRIMARY KEY (`ID`)
) ENGINE=InnoDB AUTO_INCREMENT=18 DEFAULT CHARSET=utf8mb4 COLLATE=utf8mb4_0900_ai_ci;
/*!40101 SET character_set_client = @saved_cs_client */;

--
-- Dumping data for table `FunctionalCategory`
--

LOCK TABLES `FunctionalCategory` WRITE;
/*!40000 ALTER TABLE `FunctionalCategory` DISABLE KEYS */;
INSERT INTO `FunctionalCategory` VALUES (1,'vers','Version checking'),(2,'blist','Blacklist management'),(3,'misc','Miscellaneous'),(4,'move','Movement'),(5,'cview','Camera and view'),(6,'chat','Chat, Emotes, and Instant Messages'),(7,'tele','Teleporting'),(8,'inv','Inventory, editing, and rezzing'),(9,'sit','Sitting'),(10,'worn','Worn items and attachments'),(12,'touch','Touch'),(13,'loc','Location'),(14,'name','Name tags and floating text'),(15,'group','Group'),(16,'view','Viewer control'),(17,'ucom','Unofficial commands');
/*!40000 ALTER TABLE `FunctionalCategory` ENABLE KEYS */;
UNLOCK TABLES;

--
-- Table structure for table `FunctionalCategoryDesc`
--

DROP TABLE IF EXISTS `FunctionalCategoryDesc`;
/*!40101 SET @saved_cs_client     = @@character_set_client */;
/*!50503 SET character_set_client = utf8mb4 */;
CREATE TABLE `FunctionalCategoryDesc` (
  `ID` int NOT NULL,
  `Language` char(2) NOT NULL,
  `Description` text NOT NULL,
  PRIMARY KEY (`ID`,`Language`),
  CONSTRAINT `FunctionalCategoryDesc_ibfk_1` FOREIGN KEY (`ID`) REFERENCES `FunctionalCategory` (`ID`)
) ENGINE=InnoDB DEFAULT CHARSET=utf8mb4 COLLATE=utf8mb4_0900_ai_ci;
/*!40101 SET character_set_client = @saved_cs_client */;

--
-- Dumping data for table `FunctionalCategoryDesc`
--

LOCK TABLES `FunctionalCategoryDesc` WRITE;
/*!40000 ALTER TABLE `FunctionalCategoryDesc` DISABLE KEYS */;
INSERT INTO `FunctionalCategoryDesc` VALUES (1,'en','Check and validate the version compatibility.'),(2,'en','Manage the blacklist for restricted features or users.'),(3,'en','Miscellaneous functions that do not fit other categories.'),(4,'en','Control and restrict avatar movements.'),(5,'en','Manipulate and control the camera view.'),(6,'en','Handle chat, emotes, and instant messages functionalities.'),(7,'en','Manage teleportation restrictions and functionalities.'),(8,'en','Handle inventory, editing, and object rezzing operations.'),(9,'en','Control avatar sitting behavior and restrictions.'),(10,'en','Manage worn items and attachments.'),(12,'en','Control and restrict object touch interactions.'),(13,'en','Provide location-related functionalities and restrictions.'),(14,'en','Customize name tags and floating text displays.'),(15,'en','Handle group-specific functionalities and restrictions.'),(16,'en','Control viewer-specific settings and functionalities.'),(17,'en','Utilize unofficial commands for advanced control.');
/*!40000 ALTER TABLE `FunctionalCategoryDesc` ENABLE KEYS */;
UNLOCK TABLES;

--
-- Final view structure for view `CommandAnalysis`
--

/*!50001 DROP VIEW IF EXISTS `CommandAnalysis`*/;
/*!50001 SET @saved_cs_client          = @@character_set_client */;
/*!50001 SET @saved_cs_results         = @@character_set_results */;
/*!50001 SET @saved_col_connection     = @@collation_connection */;
/*!50001 SET character_set_client      = utf8mb4 */;
/*!50001 SET character_set_results     = utf8mb4 */;
/*!50001 SET collation_connection      = utf8mb4_0900_ai_ci */;
/*!50001 CREATE ALGORITHM=UNDEFINED */
/*!50013 DEFINER=`root`@`localhost` SQL SECURITY DEFINER */
/*!50001 VIEW `CommandAnalysis` AS select `Command`.`Command` AS `Filter`,regexp_substr(`Command`.`Command`,'^[@a-zA-Z0-9]*') AS `Command`,(case when (`Command`.`Command` like '%?:%') then 1 when (`Command`.`Command` like '%:%') then 2 else 0 end) AS `RequiresColon`,(case when (`Command`.`Command` like '%?*%') then 1 when (regexp_like(`Command`.`Command`,'\\*(=|$)') and ((not((`Command`.`Command` like '%=%'))) or regexp_like(`Command`.`Command`,'\\*[^=]*='))) then 2 else 0 end) AS `RequiresOptions`,(case when (`Command`.`Command` like '%?=%') then 1 when (`Command`.`Command` like '%=%') then 2 else 0 end) AS `RequiresValue`,(case when (`Command`.`Command` like '%=%') then substring_index(`Command`.`Command`,'=',-(1)) else NULL end) AS `Value` from `Command` */;
/*!50001 SET character_set_client      = @saved_cs_client */;
/*!50001 SET character_set_results     = @saved_cs_results */;
/*!50001 SET collation_connection      = @saved_col_connection */;

--
-- Final view structure for view `CommandDetails`
--

/*!50001 DROP VIEW IF EXISTS `CommandDetails`*/;
/*!50001 SET @saved_cs_client          = @@character_set_client */;
/*!50001 SET @saved_cs_results         = @@character_set_results */;
/*!50001 SET @saved_col_connection     = @@collation_connection */;
/*!50001 SET character_set_client      = utf8mb4 */;
/*!50001 SET character_set_results     = utf8mb4 */;
/*!50001 SET collation_connection      = utf8mb4_0900_ai_ci */;
/*!50001 CREATE ALGORITHM=UNDEFINED */
/*!50013 DEFINER=`root`@`localhost` SQL SECURITY DEFINER */
/*!50001 VIEW `CommandDetails` AS select `Command`.`Command` AS `Command`,`FunctionalCategory`.`ShortName` AS `CategoryShortName`,`FunctionalCategory`.`Name` AS `FunctionalCategory`,`CommandType`.`Name` AS `CommandType`,`CommandDesc`.`Description` AS `Description` from (((`Command` left join `CommandDesc` on((`Command`.`Command` = `CommandDesc`.`Command`))) left join `CommandType` on((`Command`.`CommandTypeID` = `CommandType`.`ID`))) left join `FunctionalCategory` on((`Command`.`FunctionalCategoryID` = `FunctionalCategory`.`ID`))) where (`CommandDesc`.`Language` = 'en') */;
/*!50001 SET character_set_client      = @saved_cs_client */;
/*!50001 SET character_set_results     = @saved_cs_results */;
/*!50001 SET collation_connection      = @saved_col_connection */;
/*!40103 SET TIME_ZONE=@OLD_TIME_ZONE */;

/*!40101 SET SQL_MODE=@OLD_SQL_MODE */;
/*!40014 SET FOREIGN_KEY_CHECKS=@OLD_FOREIGN_KEY_CHECKS */;
/*!40014 SET UNIQUE_CHECKS=@OLD_UNIQUE_CHECKS */;
/*!40101 SET CHARACTER_SET_CLIENT=@OLD_CHARACTER_SET_CLIENT */;
/*!40101 SET CHARACTER_SET_RESULTS=@OLD_CHARACTER_SET_RESULTS */;
/*!40101 SET COLLATION_CONNECTION=@OLD_COLLATION_CONNECTION */;
/*!40111 SET SQL_NOTES=@OLD_SQL_NOTES */;

-- Dump completed on 2025-01-03 20:30:09
